<?xml version="1.0" encoding="UTF-8"?>
<project-private xmlns="http://www.netbeans.org/ns/project-private/1">
    <editor-bookmarks xmlns="http://www.netbeans.org/ns/editor-bookmarks/2" lastBookmarkId="0"/>
    <open-files xmlns="http://www.netbeans.org/ns/projectui-open-files/2">
        <group>
            <file>file:/C:/Users/andre/OneDrive/Dokumenti/NetBeansProjects/SE201-Projekat/src/main/Main.java</file>
            <file>file:/C:/Users/andre/OneDrive/Dokumenti/NetBeansProjects/SE201-Projekat/src/scenes/LoginScene.java</file>
            <file>file:/C:/Users/andre/OneDrive/Dokumenti/NetBeansProjects/SE201-Projekat/src/entities/Pacijent.java</file>
            <file>file:/C:/Users/andre/OneDrive/Dokumenti/NetBeansProjects/SE201-Projekat/src/db/DBUtil.java</file>
            <file>file:/C:/Users/andre/OneDrive/Dokumenti/NetBeansProjects/SE201-Projekat/src/scenes/OpcijeScene.java</file>
        </group>
    </open-files>
</project-private>
